line_no	start_ms	start_s	matched	text	act	measure
9	0	0.000	1	Langsam, Wozzeck, langsam! Eins nach dem Andern!	1	1
11	37060	37.060	1	Er macht mir ganz schwindlich.	1	8
13	43440	43.440	1	Was soll ich denn mit den zehn Minuten anfangen, die Er heut' zu früh fertig wird?	1	11
15	51120	51.120	1	Wozzeck, bedenk' Er, Er hat noch seine schönen dreissig Jahr' zu leben! Dreissig Jahre: macht dreihundert und sechzig Monate und erst wieviel Tage, Stunden, Minuten! Was will Er denn mit der ungeheuren Zeit all' anfangen?	1	14
17	73020	73.020	1	Teil' Er sich ein, Wozzeck!	1	24
20	76760	76.760	1	Jawohl, Herr Hauptmann!	1	25
24	86640	86.640	1	Es wird mir ganz angst um die Weit, wenn ich an die Ewigkeit denk'. »Ewig«, das ist ewig! Das sieht Er ein. Nun ist es aber wieder nicht ewig, sondern ein Augenblick, ja, ein Augenblick! - Wozzeck, es schaudert mich, wenn ich denke, dass sich die Welt in einem Tag herumdreht: drum kann ich auch kein Mühlrad mehr sehn, oder ich werde melancholisch!	1	29
27	143920	143.920	1	Jawohl, Herr Hauptmann!	1	49
30	146560	146.560	1	Wozzeck, Er sieht immer so verhetzt aus! Ein guter Mensch tut das nicht. Ein guter Mensch, der sein gutes Gewissen hat, tut alles langsam ... Red' Er doch was, Wozzeck. Was ist heut für ein Wetter?	1	49
33	209200	209.200	1	Sehr schlimm, Herr Hauptmann! Wind!	1	67
36	215780	215.780	1	Ich spür's schon, 's ist so was Geschwindes draussen; so ein Wind macht mir den Effekt, wie eine Maus.	1	72
38	228320	228.320	1	Ich glaub', wir haben so was aus Süd-Nord?	1	83
41	234145	234.145	1	Jawohl, Herr Hauptmann!	1	87
45	239136	239.136	1	Süd-Nord!	1	91
47	244560	244.560	1	Oh, Er ist dumm, ganz abscheulich dumm!	1	96
49	263480	263.480	1	Wozzeck, Er ist ein guter Mensch,	1	109
51	268000	268.000	1	aber ... Er hat keine Moral!	1	111
53	275273	275.273	1	Moral: das ist, wenn man moralisch ist! Versteht Er? Es ist ein gutes Wort.	1	114
55	286200	286.200	1	Er hat ein Kind ohne den Segen der Kirche ...	1	118
58	296780	296.780	1	Jawo ...	1	122
62	297540	297.540	1	… wie unser hochwürdiger Herr Garnisonsprediger sagt: »Ohne den Segen der Kirche« - das Wort ist nicht von mir.	1	123
65	308740	308.740	1	Herr Hauptmann, der liebe Gott wird den armen Wurm nicht d'rum ansehn, ob das Amen darüber gesagt ist, eh' er gemacht wurde. Der Herr sprach: »Lasset die Kleinen zu mir kommen!«	1	127
69	333120	333.120	1	Was sagt Er da?! Was ist das für eine kuriose Antwort? Er macht mich ganz konfusl Wenn ich sage: »Er«, so mein' ich »Ihn«, »Ihn« …	1	132
72	350560	350.560	1	Wir arme Leut! Sehn Sie, Herr Hauptmann, Geld, Geld! Wer kein Geld hat! Da setz' einmal einer Seinesgleichen auf die moralische Art in die Welt! Man hat auch sein Fleisch und Blut! Ja, wenn ich ein Herr wär', und hätt' einen Hut und eine Uhr und ein Augenglas und könnt' vornehm reden, ich wollte schon tugendhaft sein! Es muss was Schönes sein um die Tugend, Herr Hauptmann. Aber ich bin ein armer Kerl! Unsereins ist doch einmal unselig in dieser und der andern Welt! Ich glaub', wenn wir in den Himmel kämen, so müssten wir donnern helfen!	1	136
76	409830	409.830	0	Schon gut, schon gut!	1	145
78	469100	469.100	1	Ich weiss: Er ist ein guter Mensch,	1	153
80	477335	477.335	1	ein guter Mensch.	1	154
82	480865	480.865	1	Aber Er denkt zu viel, das zehrt. Er sieht immer so verhetzt aus.	1	155
84	496100	496.100	1	Der Diskurs hat mich angegriffen. Geh' Er jetzt, und renn' Er nicht so! Geh' Er langsam die Strasse hinunter, genau in der Mitte, und nochmals, geh' Er langsam, hübsch langsam!	1	162
95	515100	515.100	1	Du, der Platz ist verflucht!	1	170
98	523595	523.595	0	Ach was	1	173
100	532090	532.090	1	Das ist die schöne Jägerei,	1	176
101	577100	577.100	1	Schiessen steht Jedem frei!	1	202
102	592090	592.090	1	Da möcht ich Jäger sein,	1	206
103	622090	622.090	1	Da möcht ich hin.	1	217
106	637100	637.100	1	Der Platz ist verflucht! Siehst Du den lichten Streif da über das Gras hin, wo die Schwämme so nachwachsen? Da rollt Abends ein Kopf. Hob ihn einmal Einer auf, meint', es wär' ein Igel. Drei Tage und drei Nächte drauf, und er lag auf den Hobelspänen.	1	224
109	714260	714.260	1	Es wird finster, das macht Dir angst. Ei was!	1	242
111	726260	726.260	1	Läuft dort ein Has vorbei,	1	245
112	732260	732.260	1	Fragt mich, ob ich Jäger sei?	1	247
113	747260	747.260	1	Jäger bin ich auch schon gewesen,	1	252
114	754260	754.260	1	Schiessen kann ich aber nit!	1	255
117	760260	760.260	1	Still, Andres! Das waren die Freimaurer! Ich hab's! Die Freimaurer! Still! Still!	1	257
120	772260	772.260	1	Sassen dort zwei Hasen,	1	262
121	774260	774.260	1	Frassen ab das grüne Gras.	1	262
123	776260	776.260	1	Sing lieber mit!	1	263
124	777260	777.260	1	Frassen ab das grüne Gras	1	263
125	781260	781.260	1	Bis auf den Rasen…	1	265
129	783260	783.260	1	Hohl! Alles hohl! Ein Schlund! Es schwankt!	1	266
131	802260	802.260	1	Hörst Du, es wandert was mit uns da unten!	1	271
133	826260	826.260	1	Fort, fort!	1	277
137	836260	836.260	1	He, bist Du toll?	1	279
141	838260	838.260	1	's ist kurios still. Und schwül. Man möchte den Atem anhalten…	1	280
145	858260	858.260	1	Was?	1	284
150	866280	866.280	1	Ein Feuer! Ein Feuer! Das fährt von der Erde in den Himmel und ein Getös' herunter wie Posaunen. Wie's heranklirrt!	1	286
154	900680	900.680	1	Die Sonn' ist unter, drinnen trommeln sie.	1	299
157	906300	906.300	1	Still, alles still, als wäre die Welt tot.	1	301
160	920620	920.620	1	Nacht! Wir müssen heim!	1	305
172	924300	924.300	1	Tschin Bum, Tschin Bum, Bum, Bum, Bum! Hörst Bub? Da kommen sie!	1	306
178	1030560	1030.560	1	Was ein Mann! Wie ein Baum!	1	335
182	1035180	1035.180	1	Er steht auf seinen Füssen wie ein Löw'.	1	337
187	1045320	1045.320	1	Ei was freundliche Augen, Frau Nachbarin! So was is man an ihr nit gewohnt!	1	341
191	1051460	1051.460	1	Soldaten, Soldaten	1	343
192	1057364	1057.364	1	sind schöne Burschen!	1	346
195	1066220	1066.220	1	Ihre Augen glänzen ja!	1	350
198	1069760	1069.760	1	Und wenn! Was geht Sie's an? Trag' Sie ihre Augen zum Juden und lass Sie sie putzen: vielleicht glänzen sie auch noch, dass man sie für zwei Knöpf' verkaufen könnt'.	1	351
201	1081300	1081.300	1	Was Sie, Sie »Frau Jungfer«! Ich bin eine honette Person, aber Sie, das weiss Jeder, Sie guckt sieben Paar lederne Hosen durch!	1	356
205	1092400	1092.400	1	Luder!	1	361
207	1097020	1097.020	1	Komm, mein Bub! Was die Leute wollen! Bist nur ein arm' Hurenkind und machst Deiner Mutter doch so viel Freud' mit Deinem unehrlichen Gesicht!	1	363
209	1133720	1133.720	1	Eia popeia…	1	369
210	1143480	1143.480	1	Mädel, was fangst Du jetzt an?	1	370
211	1154300	1154.300	1	Hast ein klein Kind und kein Mann!	1	373
212	1161040	1161.040	1	Ei, was frag' ich darnach,	1	375
213	1167580	1167.580	1	Sing' ich die ganze Nacht:	1	377
214	1178420	1178.420	1	Eia popeia, mein süsser Bu',	1	379
215	1190720	1190.720	1	Gibt mir kein Mensch nix dazu!	1	383
217	1203800	1203.800	1	Hansel, spann' Deine sechs Schimmel an,	1	387
218	1210340	1210.340	1	Gib sie zu fressen auf's neu,	1	389
219	1215946	1215.946	1	Kein Haber fresse sie,	1	391
220	1217814	1217.814	1	Kein Wasser saufe sie,	1	392
221	1218749	1218.749	1	Lauter kühle Wein muss es sein!	1	392
225	1220617	1220.617	1	Lauter kühle Wein muss es sein!	1	392
230	1221551	1221.551	1	Wer da?	1	393
232	1222019	1222.019	0	Bist Du's, Franz?	1	393
234	1222486	1222.486	1	Komm herein!	1	393
237	1223420	1223.420	1	Kann nit! Muss in die Kasern'!	1	393
240	1224043	1224.043	0	Hast Stecken geschnitten für den Major?	1	393
243	1224666	1224.666	0	Ja, Marie. Ach ...	1	394
246	1225289	1225.289	1	Was hast Du, Franz? Du siehst so verstört?	1	394
249	1227157	1227.157	1	Pst, still! Ich hab's heraus! Es war ein Gebild am Himmel, und Alles in Glut! Ich bin Vielem auf der Spur!	1	394
252	1230427	1230.427	0	Mann!	1	395
255	1233697	1233.697	1	Und jetzt Alles finster, finster… Marie, es war wieder was,	1	395
257	1235566	1235.566	1	vielleicht…	1	396
259	1236500	1236.500	1	Steht nicht geschrieben: »Und sieh, es ging der Rauch auf vom Land, wie ein Rauch vom Ofen.«	1	397
262	1238687	1238.687	0	Franz!	1	397
265	1240873	1240.873	0	Es ist hinter mir hergegangen bis vor die Stadt.	1	398
267	1243060	1243.060	1	Was soll das werden?!	1	399
271	1244700	1244.700	0	Franz! Franz!	1	399
273	1246340	1246.340	1	Dein Bub!	1	399
277	1427900	1427.900	1	Mein Bub...	1	452
279	1430020	1430.020	1	Mein Bub… jetzt muss ich fort.	1	452
284	1436380	1436.380	1	Der Mann! So vergeistert! Er hat sein Kind nicht angesehn! Er schnappt noch über mit den Gedanken! Was bist so still, Bub. Fürch'st Dich? Es wird so dunkel, man meint, man wird blind; sonst scheint doch die Lantern' herein!	1	454
286	1456657	1456.657	0	Ach! Wir arme Leut. Ich halt's nit aus. Es schauert mich!	1	458
296	1476935	1476.935	0	Was erleb' ich, Wozzeck? Ein Mann ein Wort? Ei, ei, ei!	1	464
299	1497212	1497.212	0	Was denn, Herr Doktor?	1	468
302	1517489	1517.489	0	Ich hab's geseh'n, Wozzeck, Er hat wieder gehustet, auf der Strasse gehustet, gebellt wie ein Hund! Geh' ich Ihm dafür alle Tage drei Groschen? Wozzeck! Das ist schlecht! Die Welt ist schlecht, sehr schlecht! Oh!	1	475
305	1537766	1537.766	0	Aber Herr Doktor, wenn einem die Natur kommt!	1	481
309	1558044	1558.044	0	Die Natur kommt! Die Natur kommt! Aberglaube, abscheulicher Aberglaube! Hab' ich nicht nachgewiesen, dass das Zwerchfell dem Willen unterworfen ist?	1	486
311	1578321	1578.321	0	Die Natur, Wozzeck! Der Mensch ist frei! In dem Menschen verklärt sich die Individualität zur Freiheit!	1	490
313	1598598	1598.598	0	Husten müssen!	1	493
315	1618875	1618.875	0	Hat Er schon seine Bohnen gegessen, Wozzeck? Nichts als Bohnen, nichts als Hülsenfrüchte! Merk' Er sich's! Die nächste Woche fangen wir dann mit Schöpsenfleisch an. Es gibt eine Revolution in der Wissenschaft:	1	496
317	1639153	1639.153	0	Eiweiss, Fette, Kohlenhydrate; und zwar: Oxyaldehydanhydride…	1	500
319	1659430	1659.430	0	Aber, Er hat wieder gehustet!	1	505
321	1679707	1679.707	0	Nein! Ich ärgere mich nicht, ärgern ist ungesund, ist unwissenschaftlich! Ich bin ganz ruhig, mein Puls hat seine gewöhnlichen Sechzig, behüt, wer wird sich über einen Menschen ärgern! Wenn es noch ein Molch wäre, der einem unpässlich wird.	1	510
323	1699985	1699.985	0	Aber, aber, Wozzeck, Er hätte doch nicht husten sollen!	1	515
327	1720262	1720.262	0	Seh'n Sie, Herr Doktor, manchmal hat man so 'nen Charakter, so 'ne Struktur; aber mit der Natur ist's was ander's.	1	519
329	1740539	1740.539	0	Seh'n Sie, mit der Natur… das ist so… wie soll ich denn sagen… zum Beispiel: Wenn die Natur…	1	522
332	1760816	1760.816	0	Wozzeck, Er philosophiert wieder! Was? Wenn die Natur…	1	525
335	1781094	1781.094	0	wenn die Natur aus ist, wenn die Welt so finster wird, dass man mit den Händen an ihr herumtappen muss, dass man meint, sie verrinnt wie Spinnengewebe. Ach, wenn was is und doch nicht is! Ach, Ach, Marie! Wenn Alles dunkel is, und	1	529
337	1801371	1801.371	0	nur noch ein roter Schein im Westen, wie von einer Esse: an was soll man sich da halten?	1	534
340	1821648	1821.648	0	Kerl, Er tastet mit seinen Füssen herum, wie mit Spinnenfüssen.	1	537
344	1841925	1841.925	0	Herr Doktor. Wenn die Sonne im Mittag steht, und es ist, als ging' die Welt in Feuer auf, hat schon eine fürchterliche Stimme zu mir geredet.	1	542
347	1862203	1862.203	0	Wozzeck, Er hat eine Aberratio ...	1	548
351	1882480	1882.480	1	Die Schwämme! Haben Sie schon die Ringe von den Schwämmen am Boden gesehn? Linienkreise… Figuren… Wer das lesen könnte!	1	554
354	1913480	1913.480	1	Wozzeck, Er kommt ins Narrenhaus. Er hat eine schöne fixe Idee, eine köstliche Aberratio mentalis partialis, zweite Spezies! Sehr schön ausgebildet! Wozzeck, Er kriegt noch mehr Zulage! Tut Er noch Alles wie sonst?: Rasiert seinen Hauptmann? Fängt fleissig Molche? Isst seine Bohnen?	1	562
357	1961197	1961.197	1	Immer ordentlich, Herr Doktor; denn das Menagegeld kriegt das Weib: Darum tu' ich's ja!	1	590
360	1975860	1975.860	1	Er ist ein intressanter Fall, halt' Er sich nur brav! Wozzeck, Er kriegt noch einen Groschen mehr Zulage. Was muss Er aber tun? Was muss Er tun? Was?	1	599
364	1987130	1987.130	0	Ach, Marie!	1	605
367	1998400	1998.400	1	Bohnen essen, dann Schöpsenfleisch essen, nicht husten, seinen Hauptmann rasieren, dazwischen die fixe Idee pflegen!	1	609
369	2015900	2015.900	1	Oh! meine Theorie! Oh mein Ruhm! Ich werde unsterblich! Unsterblich! Unsterblich!	1	619
371	2038245	2038.245	1	Unsterblich!	1	636
373	2040480	2040.480	1	Wozzeck, zeig' Er mir jetzt die Zunge!	1	637
383	2070480	2070.480	1	Geh einmal vor Dich hin .	1	655
385	2070947	2070.947	1	Über die Brust wie ein Stier und ein Bart wie ein Löwe. So ist Keiner! Ich bin stolz vor allen Weibern!	1	655
388	2073280	2073.280	1	Wenn ich erst am Sonntag den grossen Federbusch hab', und die weissen Handschuh! Donnerwetter! Der Prinz sagt immer: »Mensch! Er ist ein Kerl!«	1	656
392	2074680	2074.680	0	Ach was!	1	656
394	2076080	2076.080	0	Mann!	1	657
397	2077480	2077.480	1	Und Du bist auch ein Weibsbild! Sapperment! Wir wollen eine Zucht von Tambourmajors anlegen. Was?!	1	657
401	2107480	2107.480	1	Lass mich!	1	665
405	2137480	2137.480	1	WildesTier!	1	673
409	2167480	2167.480	1	Rühr mich nicht an!	1	680
413	2197480	2197.480	1	Sieht Dir der Teufel aus den Augen?!	1	688
417	2230480	2230.480	1	Meinetwegen, es ist Alles eins!	1	698
426	2234480	2234.480	1	Was die Steine glänzen? Was sind's für weiche? Was hat er gesagt?	1	699
428	2242480	2242.480	1	Schlaf, Bub! Drück die Augen zu ...	1	701
430	2250480	2250.480	1	Fest. Noch fester! Bleib so!	1	702
432	2251480	2251.480	1	Still, oder er holt Dich!	1	702
434	2252480	2252.480	1	Mädel, mach's Lädel zu!	1	703
435	2254480	2254.480	1	's kommt ein Zigeunerbu',	1	703
436	2437460	2437.460	1	Führt Dich an seiner Hand	2	62
437	2438822	2438.822	1	Fort ins Zigeunerland.	2	62
439	2440184	2440.184	1	's ist gewiss Gold. Unsereins hat nur ein Eckchen in der Weit und ein Stückchen Spiegel.	2	62
441	2456160	2456.160	1	Und doch hab' ich einen so roten Mund, als die grossen Madamen mit ihren Spiegeln von oben bis unten und ihren schönen Herrn, die ihnen die Hände küssen; aber ich bin nur ein armes Weibsbild!	2	69
443	2487600	2487.600	1	Still! Bub! Die Augen zu!	2	81
445	2490300	2490.300	1	Das Schlafengelchen; wie's an der Wand läuft.	2	83
447	2497180	2497.180	1	Mach die Augen zu! Oder es sieht Dir hinein, dass Du blind wirst ...	2	89
452	2501180	2501.180	1	Was hast da?	2	92
455	2504583	2504.583	0	Nix!	2	94
458	2507986	2507.986	1	Unter Deinen Fingern glänzt's ja.	2	95
461	2517060	2517.060	1	Ein Ohrringlein… hab's gefunden…	2	99
465	2521940	2521.940	1	Ich hab so was noch nicht gefunden,	2	101
467	2526940	2526.940	1	zwei auf einmal.	2	104
470	2528940	2528.940	1	Bin ich ein schlecht Mensch?	2	104
474	2531940	2531.940	1	's ist gut, Marie! 's ist gut	2	106
476	2542820	2542.820	1	Was der Bub immer schläft! Greif ihm unter's Ärmchen, der Stuhl drückt ihn. Die hellen Tropfen stehn ihm auf der Stirn ... Nichts als Arbeit unter der Sonne, sogar Schweiss im Schlaf. Wir arme Leut!	2	109
478	2571180	2571.180	1	Da ist wieder Geld, Marie,	2	114
480	2584520	2584.520	1	die Löhnung und was vom Hauptmann und vom Doktor.	2	118
483	2590200	2590.200	1	Gott vergelts, Franz.	2	121
486	2592060	2592.060	1	Ich muss fort, Marie ... Adies!	2	121
491	2595560	2595.560	1	Ich bin doch ein schlecht Mensch. Ich könnt mich erstechen. Ach! was Welt! Geht doch Alles zum Teufel: Mann und Weib und Kind!	2	123
500	2618133	2618.133	0	Wohin so eilig, geehrtester Herr Sargnagel?	2	129
504	2640707	2640.707	1	Wohin so langsam, geehrtester Herr Exercizengel?	2	139
507	2645703	2645.703	1	Nehmen Sie sich Zeit	2	141
511	2648212	2648.212	0	Pressiert!	2	143
514	2650720	2650.720	1	Laufen Sie nicht so! Uff!	2	145
516	2651920	2651.920	1	Laufen Sie nicht! Ein guter Mensch geht nicht so schnell. Ein guter Mensch…	2	146
519	2653420	2653.420	1	Pressiert, pressiert!	2	147
522	2653720	2653.720	1	Ein guter… Sie hetzen sich ja hinter dem Tod d'rein!	2	147
526	2654673	2654.673	1	Ich kann meine Zeit nicht stehlen.	2	148
529	2655000	2655.000	1	Ein guter Mensch ...	2	148
532	2655490	2655.490	0	Pressiert, pressiert, pressiert!	2	148
536	2655980	2655.980	1	Aber rennen Sie nicht so, Herr Sargnagel! Sie schleifen ja Ihre Beine auf dem Pflaster ab.	2	149
538	2656332	2656.332	1	Erlauben Sie, dass ich ein Menschenleben	2	149
540	2656596	2656.596	0	rette	2	149
545	2656860	2656.860	1	Frau, in vier Wochen tot!	2	149
547	2661640	2661.640	1	Cancer uteri. Habe schon zwanzig solche Patienten gehabt	2	153
549	2679870	2679.870	1	In vier Wochen ...	2	168
552	2709870	2709.870	1	Doktor, erschrecken Sie mich nicht! Es sind schon Leute am Schreck gestorben, am puren hellen Schreck!	2	178
555	2785880	2785.880	1	In vier Wochen! Gibt ein intressantes Präparat.	2	195
558	2800880	2800.880	0	Oh, oh, oh!	2	200
562	2815880	2815.880	1	Und Sie selbst! Hm! Aufgedunsen, fett, dicker Hals, apoplektische Konstitution! Ja, Herr Hauptmann,	2	207
564	2844880	2844.880	1	Sie können eine Apoplexia cerebri kriegen; Sie können sie aber vielleicht nur auf der einen Seite bekommen. Ja! Sie können nur auf der einen Seite gelähmt werden,	2	222
566	2858880	2858.880	1	oder im besten Fall nur unten!	2	228
570	2864880	2864.880	1	Um Gottes…	2	230
574	2870880	2870.880	1	Ja! Das sind so ungefähr Ihre Aussichten auf die nächsten vier Wochen! Übrigens kann ich Sie versichern, dass Sie einen von den interessanten Fällen abgeben werden, und wenn Gott will, dass ihre Zunge zum Teil gelähmt wird, so machen wir die unsterblichsten Experimente.	2	231
578	2903940	2903.940	1	Halt, Doktor! Ich lasse Sie nicht! Sargnagel! Totenfreund! In vier Wochen?	2	247
580	2915940	2915.940	1	Es sind schon Leute am puren Schreck ... Doktor!	2	254
582	2919940	2919.940	1	Ich sehe schon die Leute mit den Sacktüchern vor den Augen.	2	256
584	2941940	2941.940	1	Aber sie werden sagen: »Er war ein guter Mensch, ein guter Mensch.«	2	265
589	2972620	2972.620	1	He, Wozzeck!	2	271
591	2974620	2974.620	1	Was hetzt Er sich so an uns vorbei?	2	273
593	2981620	2981.620	1	Bleib Er doch, Wozzeck!	2	274
599	2990620	2990.620	1	Er läuft ja wie ein offenes Rasiermesser durch die Weit, man schneidet sich an Ihm!	2	277
601	3006620	3006.620	1	Er läuft, als hätt' er die Vollbärte aller Universitäten zu rasieren, und würde gehängt, so lang noch ein letztes Haar…	2	282
604	3018620	3018.620	1	Ja richtig,	2	285
606	3026620	3026.620	1	die langen Bärte ... was wollte ich doch sagen?	2	288
608	3029370	3029.370	0	die langen Bärte ...	2	289
612	3032120	3032.120	0	»Ein langer Bart unter dem Kinn« ... hm! … schon Plinius spricht davon.	2	290
614	3034870	3034.870	0	Man muss ihn den Soldaten abgewöhnen…	2	290
618	3037620	3037.620	1	Ha! Ich hab's ... die langen Bärte! Was ist's, Wozzeck?	2	291
622	3040620	3040.620	1	Hat Er nicht ein Haar aus einem Bart in seiner Schüssel gefunden? Haha! Er versteht mich doch? Ein Haar von einem Menschen, vom Bart eines Sappeurs, oder eines Unteroffiziers, oder eines Tambourmajors.	2	292
625	3098620	3098.620	1	He, Wozzeck? Aber Er hat doch ein braves Weib?	2	310
628	3104620	3104.620	1	Was wollen Sie damit sagen, Herr Doktor, und Sie, Herr Hauptmann?!	2	312
631	3125700	3125.700	1	Was der Kerl für ein Gesicht macht! Nun! Wenn auch nicht grad in der Suppe, aber wenn Er sich eilt und um die Ecke läuft, so kann Er vielleicht noch auf einem Paar Lippen eins finden! Ein Haar nämlich! Übrigens, ein Paar Lippen! Oh, ich habe auch einmal die Liebe gefühlt! - Aber, Kerl, Er ist ja kreideweiss!	2	316
634	3181412	3181.412	1	Herr Hauptmann, ich bin ein armer Teufel! Hab' sonst nichts auf dieser Welt! Herr Hauptmann, wenn Sie Spass machen ...	2	330
638	3193513	3193.513	1	Spass? Ich? Dass Dich der …	2	334
641	3196667	3196.667	1	Herr Hauptmann, die Erd' ist Manchem höllenheiss ...	2	335
644	3199820	3199.820	1	Spass, Kerl? will Er sich erschiessen?	2	336
647	3200724	3200.724	0	... die Hölle ist kalt dagegen.	2	336
650	3201627	3201.627	0	Den Puls, Wozzeck!	2	336
652	3202531	3202.531	0	Klein … hart … arhythmisch.	2	337
655	3203434	3203.434	1	Er sticht mich ja mit seinen Augen!	2	337
658	3204880	3204.880	0	Herr Hauptmann ...	2	337
662	3206326	3206.326	1	Ich mein's gut mit Ihm, weil Er ein guter Mensch ist ...	2	338
666	3211440	3211.440	1	Es ist viel möglich ...	2	339
670	3211815	3211.815	0	GesichtsmuskeIn starr, gespannt, Augen stier.	2	339
674	3212190	3212.190	1	... Wozzeck, ein guter Mensch ...	2	339
677	3212690	3212.690	1	Der Mensch ... es ist viel möglich ... Gott im Himmel! Man könnte Lust bekommen, sich aufzuhängen! Dann wüsste man, woran man ist!	2	340
682	3239940	3239.940	1	Wie der Kerl läuft und sein Schatten hinterdrein!	2	346
685	3246780	3246.780	1	Er ist ein Phänomen, dieser Wozzeck!	2	349
688	3251940	3251.940	1	Mir wird ganz schwindlich vor dem Menschen! Und wie verzweifelt! Das hab' ich nicht gern! Ein guter Mensch ist dankbar gegen Gott; ein guter Mensch hat auch keine Courage!	2	351
690	3273580	3273.580	1	Nur ein Hundsfott hat Courage!	2	357
692	3280540	3280.540	1	Nur ein Hundsfott! ...	2	360
694	3287540	3287.540	1	Hundsfott ...	2	362
702	3288240	3288.240	0	Guten Tag, Franz.	2	362
706	3288940	3288.940	1	Ich seh' nichts, ich seh' nichts. O, man müsst's seh'n, man müsst's greifen können mit den Fäusten!	2	362
709	3291470	3291.470	0	Was hast, Franz?	2	363
712	3294000	3294.000	1	Bist Du's noch, Marie?! Eine Sünde, so dick und breit. Das müsst' stinken, dass man die Engel zum Himmel hinausräuchern könnt'. Aber Du hast einen roten Mund, einen roten Mund ... keine Blase drauf?	2	363
715	3297970	3297.970	0	Du bist hirnwütig, Franz, ich fürcht' mich ...	2	364
718	3301940	3301.940	1	Du bist schön »wie die Sünde«. Aber kann die Todsünde so schön sein, Marie?	2	365
720	3303488	3303.488	1	Da! Hat er da gestanden,	2	366
722	3303756	3303.756	1	so, so?	2	366
725	3304024	3304.024	1	Ich kann den Leuten die Gasse nicht verbieten.	2	366
728	3319550	3319.550	1	Teufel! Hat er da gestanden?	2	369
731	3334560	3334.560	1	Dieweil der Tag lang und die Weit alt ist, können viele Menschen an einem Platze stehn, einer nach dem andern.	2	371
734	3364560	3364.560	1	Ich hab ihn gesehn!	2	376
737	3379550	3379.550	1	Man kann viel sehn, wenn man zwei Augen hat und wenn man nicht blind ist und wenn die Sonne scheint.	2	378
741	3402050	3402.050	0	Du bei ihm!	2	381
744	3424550	3424.550	0	Und wenn auch!	2	385
748	3447050	3447.050	0	Mensch!	2	389
751	3469550	3469.550	1	Rühr' mich nicht an!	2	392
753	3485520	3485.520	1	Lieber ein Messer in den Leib, als eine Hand auf mich. Mein Vater hat's nicht gewagt, wie ich zehn Jahr alt war ...	2	395
758	3503680	3503.680	0	»Lieber ein Messer« ...	2	398
760	3521840	3521.840	1	Der Mensch ist ein Abgrund, es schwindelt Einem, wenn man hinunterschaut	2	401
762	3524840	3524.840	1	mich schwindelt ...	2	401
770	3551840	3551.840	1	Ich hab' ein Hemdlein an, das ist nicht mein,	2	404
773	3564340	3564.340	1	Das ist nicht mein ...	2	406
776	3569340	3569.340	1	Und meine Seele stinkt nach Branntewein.	2	407
781	3576840	3576.840	1	Meine Seele, meine unsterbliche Seele, stinket nach Branntewein! Sie stinket, und ich weiss nicht, warum? Warum ist die Welt so traurig? Selbst das Geld geht in Verwesung über!	2	410
784	3629340	3629.340	1	Vergiss mein nicht! Bruder! Freundschaft!	2	433
786	3629840	3629.840	1	Warum ist die Welt so schön! Ich wollt', unsre Nasen wären zwei Bouteillen, und wir könnten sie uns einander in den Hals giessen. Die ganze Welt ist rosenrot! Branntwein, das ist mein Leben!	2	433
789	3781840	3781.840	1	Meine Seele, meine unsterbliche Seele stinket. Oh! Das ist traurig, traurig, traurig, trau-	2	490
795	3841840	3841.840	1	Er! Sie! Teufel!	2	528
799	3842007	3842.007	0	Immerzu, immerzu!	2	528
802	3842173	3842.173	0	Immer zu, immer zu!«	2	528
804	3842340	3842.340	1	Dreht Euch! Wälzt Euch! Warum löscht Gott die Sonne nicht aus? ... Alles wälzt sich in Unzucht übereinander: Mann und Weib, Mensch und Vieh!	2	528
806	3846340	3846.340	1	Weib! Weib! Das Weib ist heiss! ist heiss! heiss!	2	530
808	3846840	3846.840	1	Wie er an ihr herumgreift! An ihrem Leib! Und sie lacht dazu!	2	531
811	3850840	3850.840	1	Immer zu! Immer zu!	2	533
815	3851340	3851.340	1	Verdammt!	2	533
817	3851590	3851.590	0	Ich ...	2	533
821	3851840	3851.840	1	Ein Jäger aus der Pfalz	2	534
822	3852840	3852.840	1	Ritt einst durch einen grünen Wald!	2	534
823	3853590	3853.590	0	Halli, Hallo, Halli, Hallo!	2	535
824	3854340	3854.340	1	Ja lustig ist die Jägerei,	2	535
825	3855340	3855.340	1	Allhie auf grüner	2	535
826	3855590	3855.590	0	Haid! Halli, Hallo! Halli, Hallo!	2	536
830	3855840	3855.840	1	O Tochter, liebe Tochter,	2	536
831	3856340	3856.340	1	Was hast Du gedenkt,	2	536
832	3857340	3857.340	1	Dass Du Dich an die Kutscher	2	537
833	3859340	3859.340	1	Und die Fuhrknecht hast gehängt?	2	538
834	3860340	3860.340	0	Hallo!	2	539
837	3861340	3861.340	1	Ja lustig ist die Jägerei,	2	539
838	3862340	3862.340	1	Allhie auf grüner Haid!	2	540
839	3862507	3862.507	0	Halli, Hallo! Halli, Hallo!	2	540
842	3862673	3862.673	0	Hallo!	2	540
846	3862840	3862.840	1	Wieviel Uhr?	2	541
849	3863090	3863.090	0	Elf Uhr!	2	541
852	3863340	3863.340	1	So? Ich meint', es müsst später sein! Die Zeit wird Einem lang bei der Kurzweil ...	2	541
855	3866340	3866.340	1	Was sitzest Du da vor der Tür?	2	543
858	3867840	3867.840	1	Ich sitz' gut da. Es sind manche Leut' nah an der Tür und wissen's nicht, bis man sie zur Tür hinausträgt, die Füss' voran!	2	544
861	3901840	3901.840	1	Du sitzest hart.	2	568
864	3902340	3902.340	1	Gut sitz' ich, und im kühlen Grab, da lieg' ich dann noch besser ...	2	568
867	3904840	3904.840	1	Bist besoffen?	2	568
870	3905340	3905.340	1	Nein, leider, bring's nit z'sam,	2	569
875	3935840	3935.840	1	Jedoch, wenn ein Wanderer, der gelehnt steht an dem Strom der Zeit, oder aber sich die göttliche Weisheit vergegenwärtigt und fraget: Warum ist der Mensch?	2	582
877	3939340	3939.340	1	Aber wahrlich, geliebte Zuhörer, ich sage Euch:	2	585
879	3940340	3940.340	1	Es ist gut so! Denn von was hätten der Landmann, der Fassbinder, der Schneider, der Arzt leben sollen, wenn Gott den Menschen nicht geschaffen hätte? Von was hätte der Schneider leben sollen, wenn Er nicht dem Menschen die Empfindung der Schamhaftigkeit eingepflanzt hätte? Von was der Soldat und der Wirt, wenn Er ihn nicht mit dem Bedürfnis des Totschiessens und der Feuchtigkeit ausgerüstet hätte? Darum, Geliebteste, zweifelt nicht; denn es ist Alles lieblich und fein ... Aber alles Irdische ist eitel; selbst das Geld geht in Verwesung über ... Und meine Seele stinkt nach Branntewein.	2	586
884	4192840	4192.840	1	Ja lustig ist die Jägerei,	2	665
887	4221840	4221.840	1	O Tochter, liebe Tochter!	2	675
892	4222340	4222.340	0	Lustig, lustig ...	2	676
897	4222840	4222.840	1	... aber es riecht …	2	676
900	4252840	4252.840	1	Narr, was willst Du?	2	700
903	4311840	4311.840	1	Ich riech, ich riech Blut!	2	737
906	4312340	4312.340	0	Blut? ... Blut, Blut!	2	738
911	4312840	4312.840	1	Mir wird rot vor den Augen. Mir ist, als wälzten sie sich alle übereinander ...	2	738
920	4329840	4329.840	0	Oh! oh!	2	741
922	4346840	4346.840	1	Andres! Ich kann nicht schlafen.	2	743
927	4350840	4350.840	1	Wenn ich die Augen zumach', dann seh' ich sie doch immer, und ich hör' die Geigen immerzu, immerzu. Und dann spricht's aus der Wand heraus ... Hörst Du nix, Andres? Wie das geigt und springt?	2	744
930	4358490	4358.490	0	Lass sie tanzen!	2	745
933	4366140	4366.140	1	Und dazwischen blitzt es immer vor den Augen wie ein Messer, wie ein breites Messer!	2	747
936	4381990	4381.990	0	Schlaf, Narr!	2	750
939	4397840	4397.840	1	Mein Herr und Gott,	2	752
941	4418140	4418.140	1	»und führe uns nicht in Versuchung, Amen!«	2	755
947	4431940	4431.940	1	Ich bin ein Mann! Ich hab' ein Weibsbild, ich sag' Ihm, ein Weibsbild! Zur Zucht von Tarnbourmajors! Ein Busen und Schenkel! und alles fest. Die Augen wie glühende Kohlen. Kurzum ein Weibsbild, ich sag' Ihm ...	2	758
950	4488900	4488.900	1	He! Wer ist es denn?	2	773
953	4493060	4493.060	1	Frag' Er den Wozzeck da!	2	775
955	4502340	4502.340	1	Da, Kerl, sauf'! Ich wollt', die Welt wär Schnaps, Schnaps, der Mann muss saufen!	2	778
957	4512880	4512.880	1	Sauf', Kerl, sauf'!	2	781
962	4525780	4525.780	1	Kerl, soll ich Dir die Zung' aus dem Hals zieh'n und sie Dir um den Leib wickeln?	2	785
964	4534540	4534.540	1	Soll ich Dir noch so viel Atem lassen, als ein Altweiberfurz?	2	788
966	4558540	4558.540	1	Soll ich ...	2	796
968	4559540	4559.540	1	Jetzt soll der Kerl pfeifen!	2	796
970	4575220	4575.220	1	Dunkelblau soll er sich pfeifen!	2	801
972	4579540	4579.540	1	Was bin ich für ein Mann!	2	802
977	4594440	4594.440	1	Der hat sein Fett!	2	807
981	4608300	4608.300	1	Er blut' . . .	2	811
985	4610280	4610.280	1	Einer nach dem Andern!	2	812
994	4615440	4615.440	1	Und ist kein Betrug in seinem Munde erfunden worden« ... Herr-Gott! Herr-Gott! Sieh' mich nicht an!	2	813
996	4672320	4672.320	1	»Aber die Pharisäer brachten ein Weib zu ihm, so im Ehebruch lebte. Jesus aber sprach: "So verdamme ich dich auch nicht, geh' hin, und sündige hinfort nicht mehr." « Herr-Gott!	3	10
998	4728320	4728.320	1	Der Bub' gibt mir einen Stich in's Herz. Fort!	3	22
1000	4733320	4733.320	1	Das brüst' sich in der Sonne!	3	25
1002	4740982	4740.982	1	Nein, komm, komm her!	3	30
1004	4746089	4746.089	1	Komm zu mir! »Es war einmal ein armes Kind und hatt' keinen Vater und keine Mutter ... war Alles tot und war Niemand auf der Welt, und es hat gehungert und geweint Tag und Nacht. Und weil es Niemand mehr hatt' auf der Welt ... « Der Franz ist nit kommen, gestern nit, heut' nit ...	3	32
1006	4898456	4898.456	1	Wie steht es geschrieben von der Magdalena? . . . »Und kniete hin zu seinen Füssen und weinte und küsste seine Füsse und netzte sie mit Tränen und salbte sie mit Salben.«	3	62
1008	4986420	4986.420	1	Heiland! Ich möchte Dir die Füsse salben! Heiland! Du hast Dich ihrer erbarmt, erbarme Dich auch meiner!	3	76
1016	4991420	4991.420	1	Dort links geht's in die Stadt. 's ist noch weit. Komm schneller!	3	77
1019	4996420	4996.420	1	Du sollst dableiben, Marie. Komm, setz' Dich.	3	77
1022	4999531	4999.531	1	Aber ich muss fort.	3	78
1025	5000864	5000.864	1	Komm.	3	78
1027	5001976	5001.976	1	Bist weit gegangen, Marie. Sollst Dir die Füsse nicht mehr wund laufen. 's ist still hier! Und so dunkel. - Weisst noch, Marie, wie lang' es jetzt ist, dass wir uns kennen?	3	78
1030	5034401	5034.401	1	Zu Pfingsten drei Jahre.	3	82
1033	5039460	5039.460	1	Und was meinst, wie lang' es noch dauern wird?	3	82
1037	5047460	5047.460	1	Ich muss fort.	3	83
1040	5049460	5049.460	1	Fürchst Dich, Marie? Und bist doch fromm?	3	84
1042	5055460	5055.460	1	Und gut! Und treu!	3	84
1044	5067460	5067.460	1	Was Du für süsse Lippen hast, Marie!	3	86
1046	5079460	5079.460	1	Den Himmel gäb' ich drum und die Seligkeit, wenn ich Dich noch oft so küssen dürft! Aber ich darf nicht! Was zitterst?	3	87
1049	5119460	5119.460	1	Der Nachttau fällt.	3	92
1053	5123660	5123.660	1	Wer kalt ist, den friert nicht mehr! Dich wird beim Morgentau nicht frieren.	3	93
1056	5141460	5141.460	1	Was sagst Du da?	3	95
1059	5145460	5145.460	1	Nix.	3	95
1064	5151460	5151.460	1	Wie der Mond rot aufgeht!	3	96
1067	5175460	5175.460	1	Wie ein blutig Eisen!	3	100
1071	5184460	5184.460	1	Was zitterst?	3	101
1073	5189460	5189.460	1	Was willst?	3	102
1076	5191460	5191.460	1	Ich nicht, Marie! Und kein Andrer auch nicht!	3	102
1080	5193460	5193.460	0	Hilfe!	3	102
1084	5195460	5195.460	0	Tot!	3	102
1094	5197460	5197.460	1	Tanzt Alle; tanzt nur zu, springt, schwitzt und stinkt, es holt Euch doch noch einmal der Teufel!	3	103
1096	5203460	5203.460	1	Es ritten drei Reiter wohl an den Rhein,	3	103
1097	5220450	5220.450	1	Bei einer Frau Wirtin da kehrten sie ein.	3	106
1098	5265460	5265.460	1	Mein Wein ist gut, mein Bier ist klar,	3	115
1099	5280450	5280.450	1	Mein Töchterlein liegt auf der . . .	3	121
1100	5310450	5310.450	1	Verdammt!	3	147
1102	5315453	5315.453	0	Komm, Margret!	3	149
1104	5320457	5320.457	0	Komm, setz Dich her, Margret!	3	151
1106	5325460	5325.460	1	Margret, Du bist so heiss	3	153
1108	5354260	5354.260	1	Wart nur, wirst auch kalt werden! Kannst nicht singen?	3	162
1112	5372260	5372.260	1	In's Schwabenland, da mag ich nit,	3	168
1113	5412140	5412.140	1	Und lange Kleider trag ich nit,	3	181
1114	5412395	5412.395	0	Denn lange Kleider, spitze Schuh,	3	181
1115	5412650	5412.650	0	Die kommen keiner Dienstmagd zu.	3	181
1119	5412906	5412.906	1	Nein! keine Schuh, man kann auch blossfüssig in die Höll' geh'n! Ich möcht heut raufen, raufen ...	3	181
1122	5425500	5425.500	1	Aber was hast Du an der Hand?	3	184
1125	5427893	5427.893	0	Ich? Ich?	3	185
1128	5430287	5430.287	0	Rot! Blut!	3	185
1131	5432680	5432.680	1	Blut? Blut?	3	186
1136	5438680	5438.680	1	Freilich ... Blut!	3	188
1139	5441680	5441.680	1	Ich glaub', ich hab' mich geschnitten, da an der rechten Hand ...	3	190
1142	5465060	5465.060	1	Wie kommt's denn zum Ellenbogen?	3	205
1145	5477560	5477.560	1	Ich hab's daran abgewischt.	3	212
1148	5492560	5492.560	1	Mit der rechten Hand am rechten Arm?	3	219
1151	5504060	5504.060	1	Was wollt Ihr? Was geht's Euch an?	3	222
1154	5506060	5506.060	1	Puh! Puh! Da stinkt's nach Menschenblut!	3	222
1157	5508810	5508.810	1	Bin ich ein Mörder?	3	223
1160	5509810	5509.810	1	Blut, Blut, Blut, Blut!	3	224
1163	5510060	5510.060	1	Freilich, da stinkt's nach Menschenblut!	3	224
1166	5514560	5514.560	1	Platz! oder es geht wer zum Teufel!	3	226
1175	5516810	5516.810	1	Das Messer? Wo ist das Messer? Ich hab's dagelassen ... Näher, noch näher. Mir graut's! Da regt sich was. Still! Alles still und tot ... Mörder! Mörder! Ha! Da ruft's. Nein, ich selbst.	3	226
1177	5538840	5538.840	1	Marie! Marie! Was hast Du für eine rote Schnur um den Hals? Hast Dir das rote Halsband verdient, wie die Ohrringlein, mit Deiner Sünde! Was hängen Dir die schwarzen Haare so wild? Mörder! Mörder! Sie werden nach mir suchen ... Das Messer verrät mich!	3	233
1179	5590960	5590.960	1	Da, da ist's	3	254
1181	5596674	5596.674	1	So! Da hinunter	3	257
1183	5599531	5599.531	1	Es taucht ins dunkle Wasser wie ein Stein.	3	257
1185	5610960	5610.960	1	Aber der Mond verrät mich ... der Mond ist blutig. Will denn die ganze Welt es ausplaudern?! - Das Messer, es liegt zu weit vorn, sie finden's beim Baden oder wenn sie nach Muscheln tauchen.	3	261
1187	5651260	5651.260	1	Ich find's nicht ... Aber ich muss mich waschen. Ich bin blutig. Da ein Fleck. . . und noch einer. Weh! Weh! ich wasche mich mit Blut! Das Wasser ist Blut ... Blut ...	3	273
1193	5685540	5685.540	1	Halt!	3	284
1197	5700260	5700.260	1	Hören Sie? Dort!	3	289
1200	5703360	5703.360	1	Jesus! Das war ein Ton.	3	290
1205	5707780	5707.780	1	Ja, dort!.	3	292
1208	5708500	5708.500	1	Es ist das Wasser im Teich. Das Wasser ruft. Es ist schon lange Niemand ertrunken. Kommen Sie, Doktor! Es ist nicht gut zu hören.	3	292
1213	5725960	5725.960	1	Das stöhnt als stürbe ein Mensch. Da ertrinkt jemand!	3	297
1216	5760260	5760.260	1	Unheimlich! Der Mond rot und die Nebel grau. Hören Sie? jetzt wieder das Ächzen.	3	306
1219	5781280	5781.280	1	Stiller.... jetzt ganz still.	3	312
1222	5794180	5794.180	1	Kommen Sie! Kommen Sie schnell.	3	316
1232	5811280	5811.280	1	Ringel, Ringel, Rosenkranz, Ringelreih'n!	3	320
1233	5823710	5823.710	1	Ringel, Ringel, Rosenkranz, Rin ...	3	323
1238	5828970	5828.970	1	Du Käthe! . . . Die Marie ...	3	324
1241	5829960	5829.960	0	Was is?	3	324
1244	5830950	5830.950	1	Weisst' es nit? Sie sind schon Alle 'naus.	3	324
1248	5832180	5832.180	1	Du! Dein Mutter ist tot!	3	324
1252	5832735	5832.735	0	Hopp, hopp! Hopp, hopp! Hopp, hopp!	3	324
1255	5833290	5833.290	1	Wo is sie denn?	3	325
1258	5836480	5836.480	1	Drauss' liegt sie, am Weg, neben dem Teich.	3	325
1261	5836480	5836.480	0	Kommt, anschaun!	3	325
1267	5836480	5836.480	0	Hopp, hopp! Hopp, hopp! Hopp, hopp!	3	325
